{
  "hash": "e1add983",
  "configHash": "6f86320e",
  "lockfileHash": "6c1cda77",
  "browserHash": "172dc22f",
  "optimized": {
    "@angular/common": {
      "src": "../../../../../../node_modules/@angular/common/fesm2022/common.mjs",
      "file": "@angular_common.js",
      "fileHash": "6407f6c0",
      "needsInterop": false
    },
    "@angular/core": {
      "src": "../../../../../../node_modules/@angular/core/fesm2022/core.mjs",
      "file": "@angular_core.js",
      "fileHash": "0aa2df5b",
      "needsInterop": false
    },
    "@angular/forms": {
      "src": "../../../../../../node_modules/@angular/forms/fesm2022/forms.mjs",
      "file": "@angular_forms.js",
      "fileHash": "3b848b3e",
      "needsInterop": false
    },
    "@angular/platform-browser": {
      "src": "../../../../../../node_modules/@angular/platform-browser/fesm2022/platform-browser.mjs",
      "file": "@angular_platform-browser.js",
      "fileHash": "ad89c502",
      "needsInterop": false
    },
    "@angular/router": {
      "src": "../../../../../../node_modules/@angular/router/fesm2022/router.mjs",
      "file": "@angular_router.js",
      "fileHash": "23242e95",
      "needsInterop": false
    }
  },
  "chunks": {
    "chunk-MBDTKFXB": {
      "file": "chunk-MBDTKFXB.js"
    },
    "chunk-W26PFFRM": {
      "file": "chunk-W26PFFRM.js"
    },
    "chunk-VRAJM4OB": {
      "file": "chunk-VRAJM4OB.js"
    }
  }
}