{
  "hash": "982da930",
  "configHash": "ac3f2ed0",
  "lockfileHash": "42d9757f",
  "browserHash": "d8ab7cbf",
  "optimized": {
    "@angular/common": {
      "src": "../../../../../../node_modules/@angular/common/fesm2022/common.mjs",
      "file": "@angular_common.js",
      "fileHash": "65968c0d",
      "needsInterop": false
    },
    "@angular/core": {
      "src": "../../../../../../node_modules/@angular/core/fesm2022/core.mjs",
      "file": "@angular_core.js",
      "fileHash": "e00c79dc",
      "needsInterop": false
    },
    "@angular/platform-browser": {
      "src": "../../../../../../node_modules/@angular/platform-browser/fesm2022/platform-browser.mjs",
      "file": "@angular_platform-browser.js",
      "fileHash": "f62498bf",
      "needsInterop": false
    },
    "@angular/router": {
      "src": "../../../../../../node_modules/@angular/router/fesm2022/router.mjs",
      "file": "@angular_router.js",
      "fileHash": "1554f1af",
      "needsInterop": false
    },
    "@angular/forms": {
      "src": "../../../../../../node_modules/@angular/forms/fesm2022/forms.mjs",
      "file": "@angular_forms.js",
      "fileHash": "3144c7aa",
      "needsInterop": false
    },
    "rxjs": {
      "src": "../../../../../../node_modules/rxjs/dist/esm5/index.js",
      "file": "rxjs.js",
      "fileHash": "a565ba1d",
      "needsInterop": false
    },
    "rxjs/operators": {
      "src": "../../../../../../node_modules/rxjs/dist/esm5/operators/index.js",
      "file": "rxjs_operators.js",
      "fileHash": "618ee753",
      "needsInterop": false
    }
  },
  "chunks": {
    "chunk-RYRXIXRL": {
      "file": "chunk-RYRXIXRL.js"
    },
    "chunk-IIKDH7Z6": {
      "file": "chunk-IIKDH7Z6.js"
    },
    "chunk-NYXANHFE": {
      "file": "chunk-NYXANHFE.js"
    },
    "chunk-OAKRW3GV": {
      "file": "chunk-OAKRW3GV.js"
    },
    "chunk-SQ3T46PY": {
      "file": "chunk-SQ3T46PY.js"
    },
    "chunk-G5SRO2XT": {
      "file": "chunk-G5SRO2XT.js"
    }
  }
}